{"cameraMode":{"drawMode":0,"name":"Shaded","section":"Shading Mode"},"sceneLighting":true,"audioPlay":false,"sceneViewState":{"showFog":false,"showMaterialUpdate":false,"showSkybox":true,"showFlares":true,"showImageEffects":true,"showParticleSystems":true},"in2DMode":false,"pivot":{"x":105.26956176757813,"y":2.7124791145324709,"z":-15.160229682922364},"rotation":{"x":-0.029095595702528955,"y":-0.9701747894287109,"z":0.14991390705108643,"w":-0.18830373883247376},"size":37.43604278564453,"orthographic":false}